email,encrypted_password
gmates0@wiley.com,WT7VLbGzkTA
cwedderburn1@a8.net,Ky5UAdfSAR
lpauer2@hugedomains.com,rs0Eylfmjlu
hhitzke3@sitemeter.com,w71n4xa5XuDk
erebeiro4@topsy.com,DNGzSZpi
kmarusic5@thetimes.co.uk,LwsmBx
ditzcovich6@cdbaby.com,Ym71tupB
mdahlberg7@buzzfeed.com,JRBmA0WVcvMl
jtowriss8@yelp.com,UQWb3ccAzRHz
abalmadier9@blinklist.com,a94lcsanw
jstratforda@barnesandnoble.com,3dUZmFKRDJ
gvannb@un.org,zGCXorUs
hmonroc@unesco.org,Ou3ezqbi1W
bdenyukind@weebly.com,3vRqV8J617Oj
jduddene@joomla.org,e6Kd6ccs7
cshipseyf@flickr.com,xuwjBYTOX16s
mshubothamg@whitehouse.gov,WCKkpoWtT
rciccoh@ameblo.jp,MwTukXpcAyQT
svalentini@nature.com,Qugqw9UPq
eguernerj@ask.com,n8swe1Z
atillertonk@gnu.org,CbFxmEPnB
jyushkovl@amazon.de,WLijc3S
abonefantm@wp.com,WedlY6i
yshatliffen@xrea.com,Q5t7uIwmlFW
mmarrableo@instagram.com,KpHAfmLpienG
jrohlfsp@goo.gl,maqNffCb6
telacoateq@blinklist.com,TrHNVw6CgHi
lmorenar@vistaprint.com,zX8TEA
jhalfhydes@t-online.de,4G5YogZwXZDd
gpolinot@blogspot.com,Ib9zh8cn4q
kbentjensu@weebly.com,AUV3uRG5E0hL
traineyv@lycos.com,fpzZ7Ep
gdresselw@ning.com,IKG5JT2
mfolletx@army.mil,P0pGwu
tcarlisiy@ask.com,niULqQX
rthewlessz@desdev.cn,J1D9EKo7qpm
sissacoff10@webs.com,uoejeIQJg0d2
mcasine11@soup.io,1HsLdg8
dcliburn12@nps.gov,wUrttwdy
ravramchik13@state.gov,SEG9286P
heberst14@indiatimes.com,Fqlu2tZb
rivannikov15@whitehouse.gov,jREdkuUjrddY
bbaselio16@youtube.com,1ubxeJfpU
gstockwell17@go.com,VEbB8Qx7tXE8
nbonsall18@huffingtonpost.com,Wxanic
lskillings19@4shared.com,5inVsvih
linker1a@scribd.com,MugpVdojINb
zbonellie1b@edublogs.org,btwpxgCoT
kandreaccio1c@whitehouse.gov,mLEzLMr
darchambault1d@usa.gov,2LMF3MNn7
tquan1e@psu.edu,JpqbCtTB
hschaffler1f@yahoo.com,J91Xzzqu
abogaert1g@fc2.com,IZX3Rex
neccleston1h@ycombinator.com,LXhUij5
cogdahl1i@aboutads.info,6XlnHxm9N1Pd
mpercy1j@wunderground.com,JronMzSF
cwatters1k@sun.com,Y3gfBuG2mXWr
fsivill1l@cnn.com,AI0cOh0QSdn
lboyet1m@xinhuanet.com,p0cgvBM
bwannop1n@apache.org,ihuyNEa
msheaf1o@dyndns.org,dJlgW9bshE
mricardin1p@fda.gov,mzZ00aD2
cadamoli1q@bing.com,J5HWd3
lkynaston1r@github.io,0ykec6fuFK
cmarriner1s@gravatar.com,CNx5435
ewindus1t@wikimedia.org,H2gyzklV
bsilversmid1u@wisc.edu,8dynEiqIN
bfoard1v@goo.ne.jp,3Nwu2fr2yr0
mayree1w@ftc.gov,BlD4ebW8
uplowright1x@theatlantic.com,cO0J6jk
acorwin1y@merriam-webster.com,EgSqKh2t
mtames1z@blogger.com,GW1RUTO6zu
mbigg20@hhs.gov,6YBYfr8
dnickell21@bbc.co.uk,7REupwq
hmorrison22@disqus.com,K5Y1WQR
kworswick23@dagondesign.com,5aleEYwiV
gthompkins24@g.co,x9JTJrljnk4
rzieme25@dyndns.org,vuHQUt27BuMi
jbaynard26@last.fm,IeNWP9Zu
emacknockiter27@phoca.cz,8BVsAFMl64R
orosenbush28@unicef.org,uopfVrq
nberre29@dropbox.com,EsNGiDMM1KO
barlott2a@redcross.org,rTChjKBk
gisacke2b@wufoo.com,Y9zsy00gid
ebrian2c@imgur.com,O4d8s90OtuiI
hluna2d@i2i.jp,ZcKmqUmR3vs
ikrysztofowicz2e@toplist.cz,7u3oGy
alatore2f@imageshack.us,lbOGB0J3
grigate2g@photobucket.com,F7ytJJqp
thansana2h@smugmug.com,ezNsw8H7o4Nk
dtroubridge2i@symantec.com,otPqGMHdNj8
dflanigan2j@ezinearticles.com,L7x1rzP
jfarland2k@patch.com,JC402IQYVd
athorne2l@deviantart.com,PEMs8v2cxkM
knathan2m@soundcloud.com,Pea8d2Vv
kgunthorpe2n@dropbox.com,fEYSZxKX7
djordan2o@usnews.com,Cao4Vno8oA
cperott2p@gnu.org,W4dCN8HXXwJK
mbuddock2q@yolasite.com,UeAk2qzH
eannakin2r@sogou.com,1osy8u
pbirth2s@cdc.gov,KTr5s3
amcginley2t@aol.com,K1xb1yo
dpettiward2u@ycombinator.com,redrZniH1
mgoldsack2v@xinhuanet.com,Tzi4MAvzqdMx
rdewitt2w@webeden.co.uk,37DXQPm
jortas2x@edublogs.org,26FHWHZgtjVY
mpanons2y@jimdo.com,gpgSNcLd
sblinckhorne2z@mapquest.com,8vdn31i
lordemann30@mozilla.com,bvDogRfWE5
scraigie31@about.com,zqcsV3rMW9
mbollin32@etsy.com,prPvpNNA
smanoch33@usatoday.com,Fz0y0iaNu
vmangeon34@prweb.com,7FVuSZw
llawland35@weather.com,Ce96JZ87s
jgoter36@usnews.com,10mbSjiuuRMq
pbattaille37@mozilla.org,pPReHl4lCh
bcarp38@mayoclinic.com,8ryRKsBg
tbrickell39@gmpg.org,1yIJn4Vh
cparysowna3a@mozilla.org,cRXj3Ot09
ralessandrucci3b@taobao.com,6pH5jlJS5la
sgrieg3c@domainmarket.com,QuNC2erRs
jvannuccinii3d@pagesperso-orange.fr,1ldr4oFgoVa
eirons3e@ibm.com,geuQD87W
bdran3f@japanpost.jp,ivCR3asLTK
mshakesbye3g@hugedomains.com,0QYhjXflKxb
osheather3h@com.com,pmf02t
ewestmerland3i@rakuten.co.jp,0KuvJkRAO
pfursey3j@marketwatch.com,tx3onz8
coloinn3k@yellowpages.com,AJ48F0vpW
pharman3l@wsj.com,oYbqpL
gocassidy3m@altervista.org,UzrcUWGY
farangy3n@yahoo.co.jp,QGXY6LuX8M
cfaunt3o@newsvine.com,8ABQKBGp9tj7
bcunningham3p@privacy.gov.au,2C3BCpwu08X
pmadre3q@hao123.com,J8Yh72aJ
tpeacey3r@prweb.com,P2Alb8a
kcrinidge3s@google.ru,EotjTT1ba3z
mohickey3t@cisco.com,ZJFW3S7a
pguerrero3u@wikipedia.org,acn5LbyI6XN
cmoran3v@php.net,8qQMhUEvi
ggennings3w@howstuffworks.com,L9Y8rQoFhCj
vplumridge3x@java.com,YGKNJ5
arhodus3y@narod.ru,8wXuyP0Hf9f
ahalligan3z@cargocollective.com,VUWQGrLx
cczapla40@omniture.com,9Ipe8aK
sbouchard41@yellowbook.com,vm48udVMmJ
ccassey42@i2i.jp,N9aOMRp8s5Iw
eseamark43@icio.us,csE0x9F
pmaplethorpe44@yelp.com,x6nZd6YA2Zk4
jparslow45@rambler.ru,39UULAXbEwhP
tpaskins46@altervista.org,84KIV3LE
cgumn47@jimdo.com,y6bgiFuRh0Hi
rbritt48@adobe.com,zISzMAmSU
pahlin49@photobucket.com,FxZ2Lcqe
vfehner4a@g.co,Cv3lVHFubSb
azealy4b@economist.com,4INHQ5tT
drenish4c@theglobeandmail.com,amzjqKiZ7
lboyd4d@biblegateway.com,yYcEAZe
srainon4e@fotki.com,7i8dSzl
mmorrieson4f@sina.com.cn,udscFFrEJFj
bcowan4g@youtu.be,ZPuenDfZl
rbunclark4h@sitemeter.com,gsV5b3R2Zm
mbrash4i@cdbaby.com,sPDROcuq9O2x
kjellard4j@ebay.com,qrgcF4Irg
mwolfenden4k@infoseek.co.jp,gW4NZwx1
pfryett4l@theguardian.com,qjacagDwjUL
efreake4m@vk.com,vBrDnR2kVmj
pbeggini4n@japanpost.jp,QWQVChknEEFt
cpogson4o@lulu.com,zqEWuexK0eM
vjewster4p@house.gov,yDssBaq
egarner4q@imageshack.us,0HF1sD
bnorgate4r@squarespace.com,28R7Gn2y6O
rernshaw4s@aol.com,vruskUYwpoY
adubarry4t@timesonline.co.uk,JBCu8G
eclapperton4u@homestead.com,EQ4CxktgJ
cpriddie4v@ehow.com,CjGt9U2a6
okaasman4w@sourceforge.net,q7c2cueZICF
agilfoy4x@zimbio.com,VsRNjg
cheynel4y@comcast.net,U97pkGQP
hbray4z@blogger.com,AbLS7BfP
uberens50@google.com.br,W6VS3Qw
eedmett51@google.es,DZHzNgdmiX
apettiford52@craigslist.org,AvwLGRJpGr4Q
jmibourne53@yahoo.com,2MWXu2gBH
rkitlee54@phpbb.com,AWe87RMJQp
ogriswaite55@techcrunch.com,MwgkL9noTSNs
uwilkowski56@prnewswire.com,W71IKV4
nlippatt57@dedecms.com,LaqhWmjuium
gmcsorley58@squarespace.com,G1W6gDxZa0
corritt59@marketwatch.com,CZzZ2sTYP3CS
cmitchinson5a@wired.com,LpN7kY7cHk
trimell5b@flickr.com,xKhhDxS
tdameisele5c@skype.com,GgoIQk3OGh
rmarns5d@github.io,c21nCzhH3XNJ
ggiacomasso5e@youtu.be,bnZ9OKTN4
cpritchett5f@com.com,5fCLKs
lmccarrick5g@dot.gov,1U9t89c
tvial5h@netscape.com,U98SoQC
mrubroe5i@ehow.com,twwJds5NRAJ
nsaich5j@ed.gov,oEdtkFWoS
msanbroke5k@bluehost.com,041bazpzz4T
egawkes5l@themeforest.net,22ASOgMK
dheadingham5m@europa.eu,pC2SS8YdA
fbumpas5n@discovery.com,kD5TOj8e7
gogers5o@nba.com,kntK24eDjz
crosellini5p@ovh.net,9Y5NjDZb
mbewlie5q@scientificamerican.com,MlxSa5
gmusso5r@moonfruit.com,nzeI8sEv
tcasley5s@mlb.com,Vx2BJuGQcwFR
kottewell5t@stumbleupon.com,8E89qNLjVcy
dcasacchia5u@latimes.com,8wQKDhku
jbeevers5v@wordpress.org,nx9kEdFnC5Bg
cpiola5w@oaic.gov.au,6h7vBBFex0d
rzelley5x@mapquest.com,L5zk07CXEi
lstandall5y@wikia.com,Ei4UOnB
ndoonican5z@google.cn,obKNBzC8V
tjeppe60@rakuten.co.jp,GbI1bs
prowlin61@ihg.com,NJeCTozd
mberisford62@liveinternet.ru,unxcBlBKbA
tferriday63@msn.com,GWqJcd2
iwrigley64@stumbleupon.com,Q30Vnlskbz1
mladbrooke65@microsoft.com,1rdaK2
gbrandin66@prweb.com,1YgoYDtr
kveryard67@nytimes.com,IPaTSS9hmP
grouge68@eepurl.com,RDkMxA4WO4R
kferriday69@smugmug.com,hTil3C5A
urundle6a@mozilla.com,ZmaS9t5
dblann6b@a8.net,4EEB8VqYo
mswire6c@tumblr.com,uaHv82n
ddunphy6d@gnu.org,3VwXYycL
tpilger6e@dagondesign.com,EWYzw1w5NXB
sbielby6f@goodreads.com,o8UftuR
rrozycki6g@cornell.edu,tyJrerPZ
rguiu6h@ihg.com,INk4eccU
jterron6i@booking.com,rCPdftjP
mcourteney6j@fotki.com,dxKd7Bn9nz3
hogley6k@columbia.edu,DhjzssW5eQ1R
afulks6l@stumbleupon.com,c89oUwbRLOM
adymock6m@google.fr,c9LgENvz
sscottrell6n@mapquest.com,8z1m9icEaB
pbennike6o@wordpress.com,C0G98O
alear6p@unicef.org,BwilTtgxR91w
triddell6q@gmpg.org,CYSkS3a5pnR
iandersch6r@lycos.com,plc1GORJ11
npracy6s@imgur.com,lh8SKeFa0
mcastellone6t@mashable.com,INwSx8
cbeazleigh6u@house.gov,dpwuVW
gschimonek6v@hud.gov,DlWIZT6g
hchevis6w@patch.com,c6dFGBIXZsS
htakkos6x@epa.gov,xFD0uMNaWR
eglowach6y@si.edu,rP9T8yETk
nvictor6z@theatlantic.com,RNGR3kmgCY
eleggate70@chron.com,r1qZcJtWXt4
inana71@statcounter.com,KDI1dz5
owalder72@live.com,EZRkKdzToq
hpalliser73@merriam-webster.com,3mIYOKV1UFP
battkins74@deviantart.com,xmorRvO
lsixsmith75@thetimes.co.uk,BbzBfG
rfieldhouse76@ucoz.ru,YO4yJ9C3on3I
fdyball77@cbsnews.com,kWOWHfGK2AX
dwaghorn78@rambler.ru,Ht2rnxfDUba
zdaud79@epa.gov,NXZtkZg3
amilburn7a@cbc.ca,y7OnvrFK
smatschke7b@unc.edu,bijUt4Enmj9
ahargey7c@de.vu,R6ej3c3c
rverdun7d@moonfruit.com,9EvOyhhhYte
deingerfield7e@usgs.gov,sq57bBzhg
mverma7f@scribd.com,bcRyxrTdtZi
fstansbury7g@xing.com,jN9kEx
nglastonbury7h@livejournal.com,NWmQrc
khowton7i@163.com,qTErE2bkH
djarvis7j@cnbc.com,wEYjM2
hrumming7k@wordpress.org,uEWTXS9m
jguiraud7l@cpanel.net,P4H7fg
cpitkeathley7m@hexun.com,jBmSZekmmY
kwestfalen7n@histats.com,72yehH3TWZ7T
mbarbara7o@deliciousdays.com,BCOajfw
rsarson7p@mozilla.org,S6tAS8H
homullaney7q@tiny.cc,nw6MZxHxmO8
emcelhinney7r@xrea.com,rdnHQbM2KO
lsaladin7s@nasa.gov,iEvSoUE6xGwT
bladewig7t@yale.edu,mzslfNBTS
bcutler7u@cisco.com,oFn9RE
afawkes7v@sakura.ne.jp,vNEzgGAEr6
mtodari7w@fda.gov,lfnNzu
nwood7x@github.com,qquws70Kt0
aambler7y@last.fm,AIHJByp
egoudman7z@privacy.gov.au,9B9BOiEjq6Z
vwildsmith80@intel.com,cDSAKp
dwhitton81@ning.com,iwvBvffXok9o
dflaubert82@smh.com.au,RnwgSRKq
ofrancescotti83@businessweek.com,ejLvNa6MaK6
brampley84@symantec.com,l76M6re
spharaoh85@foxnews.com,3C1mEA
vgabites86@abc.net.au,jVRr9RSXI
nmcnutt87@so-net.ne.jp,3YgwQtavCy
lboden88@gmpg.org,b72tXO
alenox89@com.com,2IMKUJc
erogeon8a@ibm.com,1nx3tsbV6n7
cswetland8b@google.fr,Ua1mD73psnY